{"logit": {"ce": {"layer_0": 102.86092376708984, "layer_1": 190.24227905273438, "layer_2": 45.47319793701172, "layer_3": 13.845765113830566, "layer_4": 12.118860244750977, "layer_5": 10.974324226379395, "layer_6": 11.615067481994629, "layer_7": 11.01287841796875, "layer_8": 12.270984649658203, "layer_9": 11.67172908782959, "layer_10": 13.579471588134766, "layer_11": 13.611958503723145, "layer_12": 15.469979286193848, "layer_13": 14.914161682128906, "layer_14": 15.770100593566895, "layer_15": 14.808040618896484, "layer_16": 16.220108032226562, "layer_17": 14.246801376342773, "layer_18": 15.572120666503906, "layer_19": 13.977975845336914, "layer_20": 14.493021965026855, "layer_21": 13.26063346862793, "layer_22": 14.09857177734375, "layer_23": 14.32657527923584, "layer_24": 14.210648536682129, "layer_25": 14.357444763183594, "layer_26": 14.716277122497559, "layer_27": 14.870831489562988, "layer_28": 15.102031707763672, "layer_29": 13.738761901855469, "layer_30": 10.446457862854004, "layer_31": 10.857442855834961, "layer_32": 10.947175025939941, "layer_33": 9.61522388458252, "layer_34": 9.323663711547852, "layer_35": 8.893526077270508, "layer_36": 9.811980247497559, "layer_37": 8.988326072692871, "layer_38": 7.975064754486084, "layer_39": 10.048755645751953, "layer_40": 7.8400959968566895, "layer_41": 10.50595474243164, "layer_42": 9.583407402038574, "layer_43": 10.669496536254883, "layer_44": 13.973426818847656, "layer_45": 25.529647827148438, "layer_46": 30.473119735717773, "layer_47": 18.470598220825195}, "entropy": {"layer_0": 0.026045482605695724, "layer_1": 0.017961876466870308, "layer_2": 0.14329923689365387, "layer_3": 0.26467737555503845, "layer_4": 0.2862371802330017, "layer_5": 0.3005567789077759, "layer_6": 0.2999463975429535, "layer_7": 0.3155156075954437, "layer_8": 0.2959263026714325, "layer_9": 0.29629379510879517, "layer_10": 0.2765684425830841, "layer_11": 0.27338460087776184, "layer_12": 0.2590235471725464, "layer_13": 0.26677581667900085, "layer_14": 0.24608831107616425, "layer_15": 0.2643730938434601, "layer_16": 0.24054813385009766, "layer_17": 0.26955118775367737, "layer_18": 0.2482617348432541, "layer_19": 0.2610194981098175, "layer_20": 0.2745719254016876, "layer_21": 0.27959245443344116, "layer_22": 0.265612930059433, "layer_23": 0.2558901607990265, "layer_24": 0.2651306390762329, "layer_25": 0.2384992390871048, "layer_26": 0.2592014968395233, "layer_27": 0.23730745911598206, "layer_28": 0.22360479831695557, "layer_29": 0.2395252287387848, "layer_30": 0.2617764472961426, "layer_31": 0.2438630759716034, "layer_32": 0.2043033391237259, "layer_33": 0.2920827865600586, "layer_34": 0.24684154987335205, "layer_35": 0.14935104548931122, "layer_36": 0.21196576952934265, "layer_37": 0.2009560465812683, "layer_38": 0.24083839356899261, "layer_39": 0.2266899198293686, "layer_40": 0.2327684760093689, "layer_41": 0.23516972362995148, "layer_42": 0.2511439621448517, "layer_43": 0.24470140039920807, "layer_44": 0.2748534083366394, "layer_45": 0.18348081409931183, "layer_46": 0.1816311776638031, "layer_47": 0.22070252895355225}, "kl": {"layer_0": 102.21366119384766, "layer_1": 189.5573272705078, "layer_2": 44.81477737426758, "layer_3": 13.19384479522705, "layer_4": 11.466931343078613, "layer_5": 10.323991775512695, "layer_6": 10.96612548828125, "layer_7": 10.364124298095703, "layer_8": 11.620246887207031, "layer_9": 11.019030570983887, "layer_10": 12.926949501037598, "layer_11": 12.960115432739258, "layer_12": 14.816248893737793, "layer_13": 14.261228561401367, "layer_14": 15.113592147827148, "layer_15": 14.151962280273438, "layer_16": 15.566017150878906, "layer_17": 13.591436386108398, "layer_18": 14.914862632751465, "layer_19": 13.321282386779785, "layer_20": 13.837172508239746, "layer_21": 12.607352256774902, "layer_22": 13.439948081970215, "layer_23": 13.668522834777832, "layer_24": 13.555909156799316, "layer_25": 13.700098037719727, "layer_26": 14.059017181396484, "layer_27": 14.212291717529297, "layer_28": 14.442689895629883, "layer_29": 13.079825401306152, "layer_30": 9.801087379455566, "layer_31": 10.202475547790527, "layer_32": 10.295599937438965, "layer_33": 8.961058616638184, "layer_34": 8.674666404724121, "layer_35": 8.262274742126465, "layer_36": 9.16019058227539, "layer_37": 8.331815719604492, "layer_38": 7.328307151794434, "layer_39": 9.392928123474121, "layer_40": 7.1836934089660645, "layer_41": 9.85281753540039, "layer_42": 8.931148529052734, "layer_43": 10.01639175415039, "layer_44": 13.319469451904297, "layer_45": 24.874507904052734, "layer_46": 29.82209587097168, "layer_47": 17.812658309936523}}, "tuned": {"ce": {"layer_0": 16.310945510864258, "layer_1": 3.7362053394317627, "layer_2": 5.180917739868164, "layer_3": 4.913094520568848, "layer_4": 5.01973295211792, "layer_5": 5.057053089141846, "layer_6": 5.375994682312012, "layer_7": 4.830318450927734, "layer_8": 5.554205894470215, "layer_9": 5.499622344970703, "layer_10": 5.58833646774292, "layer_11": 5.815267086029053, "layer_12": 5.346904754638672, "layer_13": 5.743520736694336, "layer_14": 5.981114864349365, "layer_15": 5.091394424438477, "layer_16": 5.866710186004639, "layer_17": 5.7983293533325195, "layer_18": 5.740428924560547, "layer_19": 5.430637359619141, "layer_20": 5.1269211769104, "layer_21": 4.85364294052124, "layer_22": 5.127001762390137, "layer_23": 4.927269458770752, "layer_24": 5.417322158813477, "layer_25": 5.415180206298828, "layer_26": 5.70063591003418, "layer_27": 5.9471282958984375, "layer_28": 5.9229631423950195, "layer_29": 5.407840251922607, "layer_30": 5.501438140869141, "layer_31": 5.301827907562256, "layer_32": 5.525991439819336, "layer_33": 4.439140796661377, "layer_34": 4.330931186676025, "layer_35": 5.203036308288574, "layer_36": 4.184820175170898, "layer_37": 5.2853827476501465, "layer_38": 3.94144606590271, "layer_39": 3.7306149005889893, "layer_40": 3.9804084300994873, "layer_41": 4.220391273498535, "layer_42": 3.9125633239746094, "layer_43": 3.6852262020111084, "layer_44": 3.249227285385132, "layer_45": 3.514009475708008, "layer_46": 3.239809989929199, "layer_47": 2.5382626056671143}, "entropy": {"layer_0": 0.4164575934410095, "layer_1": 2.0350213050842285, "layer_2": 0.8499724864959717, "layer_3": 1.0173313617706299, "layer_4": 1.0025560855865479, "layer_5": 1.0064780712127686, "layer_6": 0.9372215270996094, "layer_7": 1.1446834802627563, "layer_8": 0.8359693884849548, "layer_9": 0.8128176927566528, "layer_10": 0.7604718804359436, "layer_11": 0.6686176657676697, "layer_12": 0.7901621460914612, "layer_13": 0.657974898815155, "layer_14": 0.6049536466598511, "layer_15": 0.8286458253860474, "layer_16": 0.5840345025062561, "layer_17": 0.6141901016235352, "layer_18": 0.6059635877609253, "layer_19": 0.6355503797531128, "layer_20": 0.7479175329208374, "layer_21": 0.7562078237533569, "layer_22": 0.6235469579696655, "layer_23": 0.7388202548027039, "layer_24": 0.5587830543518066, "layer_25": 0.5285570025444031, "layer_26": 0.5676966309547424, "layer_27": 0.4946401119232178, "layer_28": 0.48183855414390564, "layer_29": 0.5280641317367554, "layer_30": 0.4988206624984741, "layer_31": 0.47188863158226013, "layer_32": 0.36008375883102417, "layer_33": 0.7605926990509033, "layer_34": 0.570971667766571, "layer_35": 0.22642366588115692, "layer_36": 0.451188862323761, "layer_37": 0.32020920515060425, "layer_38": 0.5376733541488647, "layer_39": 0.6592180132865906, "layer_40": 0.533004105091095, "layer_41": 0.5478127598762512, "layer_42": 0.4973180890083313, "layer_43": 0.5951583385467529, "layer_44": 0.8875666856765747, "layer_45": 0.7522954940795898, "layer_46": 0.9541397094726562, "layer_47": 1.5052663087844849}, "kl": {"layer_0": 15.664712905883789, "layer_1": 3.0843632221221924, "layer_2": 4.530142784118652, "layer_3": 4.260745048522949, "layer_4": 4.366730690002441, "layer_5": 4.404074668884277, "layer_6": 4.724338531494141, "layer_7": 4.178719997406006, "layer_8": 4.901915550231934, "layer_9": 4.847146034240723, "layer_10": 4.936496734619141,