{"logit": {"ce": {"layer_0": 31.12888526916504, "layer_1": 31.923202514648438, "layer_2": 32.62162399291992, "layer_3": 33.08201217651367, "layer_4": 33.760982513427734, "layer_5": 34.11854934692383, "layer_6": 34.634307861328125, "layer_7": 35.04655075073242, "layer_8": 34.43655014038086, "layer_9": 35.135990142822266, "layer_10": 35.05970001220703, "layer_11": 35.16532897949219, "layer_12": 35.62815856933594, "layer_13": 35.394691467285156, "layer_14": 36.2572021484375, "layer_15": 36.38748550415039, "layer_16": 36.344940185546875, "layer_17": 36.21994400024414, "layer_18": 35.918338775634766, "layer_19": 35.78508377075195, "layer_20": 35.821250915527344, "layer_21": 35.42806625366211, "layer_22": 35.42060852050781, "layer_23": 34.629661560058594, "layer_24": 34.00910949707031, "layer_25": 33.705928802490234, "layer_26": 32.65251159667969, "layer_27": 31.27304458618164, "layer_28": 30.058542251586914, "layer_29": 26.041648864746094, "layer_30": 6.641961097717285, "layer_31": 0.648237943649292}, "entropy": {"layer_0": 0.16721123456954956, "layer_1": 0.16438187658786774, "layer_2": 0.1657668948173523, "layer_3": 0.16401565074920654, "layer_4": 0.1693362593650818, "layer_5": 0.17619416117668152, "layer_6": 0.1861676722764969, "layer_7": 0.1775979995727539, "layer_8": 0.18372009694576263, "layer_9": 0.1786709427833557, "layer_10": 0.16301113367080688, "layer_11": 0.1743132472038269, "layer_12": 0.17737741768360138, "layer_13": 0.14254878461360931, "layer_14": 0.14547985792160034, "layer_15": 0.14392074942588806, "layer_16": 0.14411628246307373, "layer_17": 0.1331593096256256, "layer_18": 0.13139167428016663, "layer_19": 0.12310456484556198, "layer_20": 0.1214171051979065, "layer_21": 0.11487439274787903, "layer_22": 0.11381186544895172, "layer_23": 0.10497379302978516, "layer_24": 0.09646212309598923, "layer_25": 0.08824028819799423, "layer_26": 0.08545663952827454, "layer_27": 0.07581022381782532, "layer_28": 0.0631384551525116, "layer_29": 0.05381826311349869, "layer_30": 0.1829727441072464, "layer_31": 0.6443378329277039}, "kl": {"layer_0": 30.48511505126953, "layer_1": 31.27985191345215, "layer_2": 31.978525161743164, "layer_3": 32.438934326171875, "layer_4": 33.118064880371094, "layer_5": 33.47559356689453, "layer_6": 33.991424560546875, "layer_7": 34.40373992919922, "layer_8": 33.793731689453125, "layer_9": 34.49319839477539, "layer_10": 34.4169921875, "layer_11": 34.522605895996094, "layer_12": 34.98552703857422, "layer_13": 34.751731872558594, "layer_14": 35.614498138427734, "layer_15": 35.744590759277344, "layer_16": 35.702110290527344, "layer_17": 35.5769157409668, "layer_18": 35.27516174316406, "layer_19": 35.14174270629883, "layer_20": 35.17781066894531, "layer_21": 34.78434371948242, "layer_22": 34.77692794799805, "layer_23": 33.98606491088867, "layer_24": 33.36561965942383, "layer_25": 33.062252044677734, "layer_26": 32.008358001708984, "layer_27": 30.628616333007812, "layer_28": 29.413467407226562, "layer_29": 25.393516540527344, "layer_30": 5.991522789001465, "layer_31": 0.0}}, "tuned": {"ce": {"layer_0": 2.538987874984741, "layer_1": 2.484025001525879, "layer_2": 2.4439306259155273, "layer_3": 2.4151413440704346, "layer_4": 2.3815605640411377, "layer_5": 2.347871780395508, "layer_6": 2.3183772563934326, "layer_7": 2.2849104404449463, "layer_8": 2.2716476917266846, "layer_9": 2.2512457370758057, "layer_10": 2.2158846855163574, "layer_11": 2.1895785331726074, "layer_12": 2.155977249145508, "layer_13": 2.1351990699768066, "layer_14": 2.1305999755859375, "layer_15": 2.1085240840911865, "layer_16": 2.0652709007263184, "layer_17": 2.0273587703704834, "layer_18": 1.9888633489608765, "layer_19": 1.9423458576202393, "layer_20": 1.898300051689148, "layer_21": 1.8525357246398926, "layer_22": 1.7872477769851685, "layer_23": 1.7183785438537598, "layer_24": 1.6396961212158203, "layer_25": 1.5582756996154785, "layer_26": 1.47299063205719, "layer_27": 1.387845516204834, "layer_28": 1.2966358661651611, "layer_29": 1.1915892362594604, "layer_30": 1.0223468542099, "layer_31": 0.6482383012771606}, "entropy": {"layer_0": 2.0704164505004883, "layer_1": 2.125411033630371, "layer_2": 2.151577949523926, "layer_3": 2.156101942062378, "layer_4": 2.1626882553100586, "layer_5": 2.1688780784606934, "layer_6": 2.182621955871582, "layer_7": 2.1774160861968994, "layer_8": 2.219174861907959, "layer_9": 2.2329139709472656, "layer_10": 2.2318708896636963, "layer_11": 2.227185010910034, "layer_12": 2.2013466358184814, "layer_13": 2.1959445476531982, "layer_14": 2.213472843170166, "layer_15": 2.1934728622436523, "layer_16": 2.133342742919922, "layer_17": 2.0886974334716797, "layer_18": 2.042391777038574, "layer_19": 1.9703255891799927, "layer_20": 1.9103370904922485, "layer_21": 1.8564202785491943, "layer_22": 1.7613654136657715, "layer_23": 1.6631032228469849, "layer_24": 1.546024203300476, "layer_25": 1.4257612228393555, "layer_26": 1.308387041091919, "layer_27": 1.1857539415359497, "layer_28": 1.0635286569595337, "layer_29": 0.9490578770637512, "layer_30": 0.6990504860877991, "layer_31": 0.6442992091178894}, "kl": {"layer_0": 1.891371726989746, "layer_1": 1.836642861366272, "layer_2": 1.7966307401657104, "layer_3": 1.7678221464157104, "layer_4": 1.734342336654663, "layer_5": 1.70063316822052, "layer_6": 1.6711474657058716, "layer_7": 1.6377183198928833, "layer_8": 1.6246060132980347, "layer_9": 1.6041852235794067, "layer_10": 1.5688128471374512, "layer_11": 1.542436957359314, "layer_12": 1.508846402168274, "layer_13": 1.4878135919570923, "layer_14": 1.483190655708313, "layer_15": 1.4610075950622559, "layer_16": 1.417712688446045, "layer_17": 1.3796757459640503, "layer_18": 1.341094970703125, "layer_19": 1.294473648071289, "layer_20": 1.2502708435058594, "layer_21": 1.2044202089309692, "layer_22": 1.1391600370407104, "layer_23": 1.0705128908157349, "layer_24": 0.9919512867927551, "layer_25": 0.9104224443435669, "layer_26": 0.8249402046203613, "layer_27": 0.7398980855941772, "layer_28": 0.6483897566795349, "layer_29": 0.5411662459373474, "layer_30": 0.37197190523147583, "layer_31": 2.684023456822615e-07}}, "baseline": {"ce": {"final": 0.648237943649292}, "entropy": {"final": 0.6443378329277039}}}