{"logit": {"ce": {"layer_0": 191.0129852294922, "layer_1": 77.44119262695312, "layer_2": 49.7800178527832, "layer_3": 35.66777038574219, "layer_4": 28.219215393066406, "layer_5": 24.758073806762695, "layer_6": 20.992490768432617, "layer_7": 18.831039428710938, "layer_8": 18.020591735839844, "layer_9": 16.357532501220703, "layer_10": 15.19391918182373, "layer_11": 14.945311546325684, "layer_12": 13.945116996765137, "layer_13": 13.330702781677246, "layer_14": 13.055397987365723, "layer_15": 12.303442001342773, "layer_16": 11.709678649902344, "layer_17": 11.99608039855957, "layer_18": 11.562055587768555, "layer_19": 11.309440612792969, "layer_20": 11.14694595336914, "layer_21": 11.361190795898438, "layer_22": 11.021895408630371, "layer_23": 10.942188262939453, "layer_24": 10.870997428894043, "layer_25": 10.169672012329102, "layer_26": 9.518317222595215, "layer_27": 8.736214637756348, "layer_28": 8.303770065307617, "layer_29": 6.65684175491333, "layer_30": 5.572254657745361, "layer_31": 2.86953067779541}, "entropy": {"layer_0": 0.00041629973566159606, "layer_1": 0.009689059108495712, "layer_2": 0.06623309850692749, "layer_3": 0.10006817430257797, "layer_4": 0.11335833370685577, "layer_5": 0.16450482606887817, "layer_6": 0.19028347730636597, "layer_7": 0.21043549478054047, "layer_8": 0.22746452689170837, "layer_9": 0.2776097357273102, "layer_10": 0.2995082437992096, "layer_11": 0.31138357520103455, "layer_12": 0.3363187313079834, "layer_13": 0.33459529280662537, "layer_14": 0.3215540945529938, "layer_15": 0.3362496495246887, "layer_16": 0.3261556625366211, "layer_17": 0.2908047139644623, "layer_18": 0.28088414669036865, "layer_19": 0.25949329137802124, "layer_20": 0.24276451766490936, "layer_21": 0.22012610733509064, "layer_22": 0.21435357630252838, "layer_23": 0.19570983946323395, "layer_24": 0.1735689789056778, "layer_25": 0.1581234186887741, "layer_26": 0.13735610246658325, "layer_27": 0.12494970858097076, "layer_28": 0.1134803295135498, "layer_29": 0.10761623829603195, "layer_30": 0.10929469019174576, "layer_31": 0.0951378121972084}, "kl": {"layer_0": 190.68942260742188, "layer_1": 76.78102111816406, "layer_2": 49.10927200317383, "layer_3": 34.989933013916016, "layer_4": 27.532997131347656, "layer_5": 24.068645477294922, "layer_6": 20.30315589904785, "layer_7": 18.14166259765625, "layer_8": 17.329248428344727, "layer_9": 15.668622970581055, "layer_10": 14.505356788635254, "layer_11": 14.255112648010254, "layer_12": 13.253887176513672, "layer_13": 12.63696575164795, "layer_14": 12.359402656555176, "layer_15": 11.605130195617676, "layer_16": 11.008317947387695, "layer_17": 11.291812896728516, "layer_18": 10.857275009155273, "layer_19": 10.605659484863281, "layer_20": 10.444390296936035, "layer_21": 10.658442497253418, "layer_22": 10.315500259399414, "layer_23": 10.236723899841309, "layer_24": 10.16450023651123, "layer_25": 9.464845657348633, "layer_26": 8.813633918762207, "layer_27": 8.031511306762695, "layer_28": 7.601039409637451, "layer_29": 5.956831455230713, "layer_30": 4.86746072769165, "layer_31": 2.1579067707061768}}, "tuned": {"ce": {"layer_0": 58.922462463378906, "layer_1": 12.495615005493164, "layer_2": 9.322044372558594, "layer_3": 7.099371910095215, "layer_4": 5.810664176940918, "layer_5": 5.101866722106934, "layer_6": 4.35996150970459, "layer_7": 3.983999252319336, "layer_8": 3.7202706336975098, "layer_9": 3.3662734031677246, "layer_10": 3.1695032119750977, "layer_11": 3.0669078826904297, "layer_12": 2.915654420852661, "layer_13": 2.8378701210021973, "layer_14": 2.790097236633301, "layer_15": 2.644268751144409, "layer_16": 2.5247297286987305, "layer_17": 2.5083742141723633, "layer_18": 2.386118173599243, "layer_19": 2.3581759929656982, "layer_20": 2.343785047531128, "layer_21": 2.356410026550293, "layer_22": 2.2958450317382812, "layer_23": 2.251615524291992, "layer_24": 2.222487211227417, "layer_25": 2.172248125076294, "layer_26": 2.117859363555908, "layer_27": 2.0419771671295166, "layer_28": 1.9528357982635498, "layer_29": 1.7883869409561157, "layer_30": 1.6341434717178345, "layer_31": 1.4291421175003052}, "entropy": {"layer_0": 0.10400489717721939, "layer_1": 0.5844996571540833, "layer_2": 0.7213116884231567, "layer_3": 0.7935994267463684, "layer_4": 0.8047364354133606, "layer_5": 0.8008349537849426, "layer_6": 0.8441373705863953, "layer_7": 0.8042833805084229, "layer_8": 0.7587133049964905, "layer_9": 0.815792977809906, "layer_10": 0.8575055003166199, "layer_11": 0.8247365355491638, "layer_12": 0.891243577003479, "layer_13": 0.9011721611022949, "layer_14": 0.8922786712646484, "layer_15": 0.928507924079895, "layer_16": 0.8503698706626892, "layer_17": 0.6609542965888977, "layer_18": 0.5784523487091064, "layer_19": 0.4906502962112427, "layer_20": 0.4414318799972534, "layer_21": 0.3942447602748871, "layer_22": 0.35961052775382996, "layer_23": 0.30293914675712585, "layer_24": 0.26551684737205505, "layer_25": 0.2356792837381363, "layer_26": 0.2132330685853958, "layer_27": 0.18723292648792267, "layer_28": 0.17363160848617554, "layer_29": 0.16691413521766663, "layer_30": 0.16722369194030762, "layer_31": 0.16265279054641724}, "kl": {"layer_0": 58.25909423828125, "layer_1": 11.811369895935059, "layer_2": 8.640088081359863, "layer_3": 6.419867515563965, "layer_4": 5.129067897796631, "layer_5": 4.422677993774414, "layer_6": 3.6815974712371826, "layer_7": 3.307910680770874, "layer_8": 3.0443027019500732, "layer_9": 2.690577745437622, "layer_10": 2.493865966796875, "layer_11": 2.391446352005005, "layer_12": 2.239520788192749, "layer_13": 2.1614112854003906, "layer_14": 2.1128265857696533, "layer_15": 1.9664514064788818, "layer_16": 1.8462250232696533, "layer_17": 1.8283218145370483, "layer_18": 1.7045950889587402, "layer_19": 1.6750954389572144, "layer_20": 1.65932035446167, "layer_21": 1.6712555885314941, "layer_22": 1.6097333431243896, "layer_23": 1.5635850429534912, "layer_24": 1.5334374904632568, "layer_25": 1.4812983274459839, "layer_26": 1.424737572669983, "layer_27": 1.3459348678588867, "layer_28": 1.2549893856048584, "layer_29": 1.0898237228393555, "layer_30": 0.9334583878517151, "layer_31": 0.7285073399543762}}, "baseline": {"ce": {"final": 0.6844496130943298}, "entropy": {"final": 0.6764897108078003}}}