{"logit": {"ce": {"layer_0": 48.42034912109375, "layer_1": 23.89720916748047, "layer_2": 8.390237808227539, "layer_3": 6.7750749588012695, "layer_4": 6.561153888702393, "layer_5": 6.486598491668701, "layer_6": 6.392673969268799, "layer_7": 6.582640171051025, "layer_8": 6.790260314941406, "layer_9": 7.021125793457031, "layer_10": 6.622862339019775, "layer_11": 6.3551788330078125, "layer_12": 5.9494147300720215, "layer_13": 6.306137561798096, "layer_14": 6.139870643615723, "layer_15": 6.0549750328063965, "layer_16": 6.252033710479736, "layer_17": 6.123847961425781, "layer_18": 6.348016262054443, "layer_19": 6.290555000305176, "layer_20": 6.31370210647583, "layer_21": 6.253270626068115, "layer_22": 6.222793102264404, "layer_23": 6.3319010734558105, "layer_24": 5.857178211212158, "layer_25": 5.6080522537231445, "layer_26": 5.242473602294922, "layer_27": 5.480324745178223, "layer_28": 5.273754596710205, "layer_29": 5.130239009857178, "layer_30": 5.7231268882751465, "layer_31": 4.74032735824585, "layer_32": 5.133759021759033, "layer_33": 4.413733959197998, "layer_34": 4.291896343231201, "layer_35": 4.597815990447998, "layer_36": 5.041254043579102, "layer_37": 4.453777313232422, "layer_38": 3.6859617233276367, "layer_39": 4.181310176849365, "layer_40": 3.8966500759124756, "layer_41": 3.640427827835083, "layer_42": 3.788022518157959, "layer_43": 4.034520149230957, "layer_44": 3.9297139644622803, "layer_45": 4.752769470214844, "layer_46": 6.893922805786133, "layer_47": 13.97455883026123}, "entropy": {"layer_0": 0.0009415130480192602, "layer_1": 0.3935636281967163, "layer_2": 0.6833814978599548, "layer_3": 0.9550164341926575, "layer_4": 1.0170750617980957, "layer_5": 1.0663782358169556, "layer_6": 1.1121032238006592, "layer_7": 1.0476458072662354, "layer_8": 0.9942728877067566, "layer_9": 0.9216967225074768, "layer_10": 0.9740756750106812, "layer_11": 1.039371371269226, "layer_12": 1.1455457210540771, "layer_13": 0.9711822867393494, "layer_14": 1.0260756015777588, "layer_15": 1.0145494937896729, "layer_16": 0.9667699933052063, "layer_17": 1.0009353160858154, "layer_18": 0.9486392736434937, "layer_19": 0.9953718185424805, "layer_20": 0.9762776494026184, "layer_21": 1.0031626224517822, "layer_22": 0.9777784943580627, "layer_23": 0.9442914128303528, "layer_24": 0.9671714305877686, "layer_25": 1.0618919134140015, "layer_26": 0.9707126021385193, "layer_27": 0.925704300403595, "layer_28": 0.9498921036720276, "layer_29": 1.0034836530685425, "layer_30": 0.8129511475563049, "layer_31": 1.0323469638824463, "layer_32": 0.47574669122695923, "layer_33": 0.8279598355293274, "layer_34": 0.7427733540534973, "layer_35": 0.6553234457969666, "layer_36": 0.6172195672988892, "layer_37": 0.41885116696357727, "layer_38": 0.6506983041763306, "layer_39": 0.6379297971725464, "layer_40": 0.6779720783233643, "layer_41": 0.6892169117927551, "layer_42": 0.7205742001533508, "layer_43": 0.9285844564437866, "layer_44": 0.7122671604156494, "layer_45": 0.8800042867660522, "layer_46": 0.7263748049736023, "layer_47": 0.550221860408783}, "kl": {"layer_0": 47.78387451171875, "layer_1": 23.26471519470215, "layer_2": 7.757802963256836, "layer_3": 6.142662525177002, "layer_4": 5.927865505218506, "layer_5": 5.855413913726807, "layer_6": 5.7599334716796875, "layer_7": 5.950904846191406, "layer_8": 6.157411098480225, "layer_9": 6.388783931732178, "layer_10": 5.991477966308594, "layer_11": 5.723607063293457, "layer_12": 5.3173956871032715, "layer_13": 5.673356056213379, "layer_14": 5.506587982177734, "layer_15": 5.4222588539123535, "layer_16": 5.619666576385498, "layer_17": 5.490146636962891, "layer_18": 5.714064598083496, "layer_19": 5.658339500427246, "layer_20": 5.679263591766357, "layer_21": 5.619301795959473, "layer_22": 5.589853763580322, "layer_23": 5.69720983505249, "layer_24": 5.223635196685791, "layer_25": 4.973728656768799, "layer_26": 4.607526779174805, "layer_27": 4.8460235595703125, "layer_28": 4.644385814666748, "layer_29": 4.496567726135254, "layer_30": 5.089669704437256, "layer_31": 4.109673023223877, "layer_32": 4.517163276672363, "layer_33": 3.782484769821167, "layer_34": 3.6586408615112305, "layer_35": 3.9660308361053467, "layer_36": 4.407423973083496, "layer_37": 3.827333927154541, "layer_38": 3.055245876312256, "layer_39": 3.549520492553711, "layer_40": 3.2643611431121826, "layer_41": 3.0099925994873047, "layer_42": 3.1549532413482666, "layer_43": 3.4009904861450195, "layer_44": 3.298044204711914, "layer_45": 4.12098503112793, "layer_46": 6.2621965408325195, "layer_47": 13.342439651489258}}, "tuned": {"ce": {"layer_0": 14.56905460357666, "layer_1": 3.322226047515869, "layer_2": 3.0942814350128174, "layer_3": 3.1467227935791016, "layer_4": 3.150357723236084, "layer_5": 3.1822288036346436, "layer_6": 3.188465118408203, "layer_7": 3.1925928592681885, "layer_8": 3.234797477722168, "layer_9": 3.232898473739624, "layer_10": 3.192009449005127, "layer_11": 3.2692129611968994, "layer_12": 3.2997610569000244, "layer_13": 3.3160693645477295, "layer_14": 3.3433330059051514, "layer_15": 3.3469936847686768, "layer_16": 3.407888889312744, "layer_17": 3.420287609100342, "layer_18": 3.535649061203003, "layer_19": 3.5944621562957764, "layer_20": 3.6052181720733643, "layer_21": 3.6195969581604004, "layer_22": 3.4869422912597656, "layer_23": 3.5717360973358154, "layer_24": 3.4877593517303467, "layer_25": 3.4419519901275635, "layer_26": 3.301919460296631, "layer_27": 3.2284023761749268, "layer_28": 3.28471040725708, "layer_29": 3.2060494422912598, "layer_30": 3.206033706665039, "layer_31": 2.953441858291626, "layer_32": 3.629204511642456, "layer_33": 2.8575422763824463, "layer_34": 2.8718173503875732, "layer_35": 3.2506232261657715, "layer_36": 3.3736515045166016, "layer_37": 3.1182656288146973, "layer_38": 2.5611352920532227, "layer_39": 2.7820539474487305, "layer_40": 2.748441219329834, "layer_41": 2.533914804458618, "layer_42": 2.673732280731201, "layer_43": 2.794588327407837, "layer_44": 2.651646852493286, "layer_45": 2.8368537425994873, "layer_46": 2.2562034130096436, "layer_47": 2.5424444675445557}, "entropy": {"layer_0": 0.45274078845977783, "layer_1": 1.878282070159912, "layer_2": 2.1693990230560303, "layer_3": 2.238942861557007, "layer_4": 2.252973794937134, "layer_5": 2.2526967525482178, "layer_6": 2.2766780853271484, "layer_7": 2.2337961196899414, "layer_8": 2.1683433055877686, "layer_9": 2.1425371170043945, "layer_10": 2.0825014114379883, "layer_11": 1.9802459478378296, "layer_12": 1.9096018075942993, "layer_13": 1.7094871997833252, "layer_14": 1.699336290359497, "layer_15": 1.5848345756530762, "layer_16": 1.5112484693527222, "layer_17": 1.5311963558197021, "layer_18": 1.4051469564437866, "layer_19": 1.380081057548523, "layer_20": 1.3874887228012085, "layer_21": 1.373078465461731, "layer_22": 1.4111719131469727, "layer_23": 1.291853427886963, "layer_24": 1.2495386600494385, "layer_25": 1.2635711431503296, "layer_26": 1.144554615020752, "layer_27": 1.196689248085022, "layer_28": 1.0421680212020874, "layer_29": 1.182306170463562, "layer_30": 1.1388758420944214, "layer_31": 1.1553596258163452, "layer_32": 0.5080012083053589, "layer_33": 0.8723739981651306, "layer_34": 0.7578994631767273, "layer_35": 0.7159091830253601, "layer_36": 0.6495348215103149, "layer_37": 0.4403846859931946, "layer_38": 0.9350645542144775, "layer_39": 0.8317266702651978, "layer_40": 0.783392608165741, "layer_41": 0.8743656277656555, "layer_42": 0.902946412563324, "layer_43": 1.0393905639648438, "layer_44": 1.0152486562728882, "layer_45": 1.1462419033050537, "layer_46": 1.3053224086761475, "layer_47": 1.9554340839385986}, "kl": {"layer_0": 13.938471794128418, "layer_1": 2.691279888153076, "layer_2": 2.463003158569336, "layer_3": 2.5156006813049316, "layer_4": 2.518584728240967, "layer_5": 2.5512256622314453, "layer_6": 2.5567069053649902, "layer_7": 2.561170816421509, "layer_8": 2.602802038192749, "layer_9": 2.601649522781372, "layer_10": 2.5605711936950684, "layer_11": 2.637932538986206, "layer_12": 2.6685550212860107,