{
  "layer_0": 58.922462463378906,
  "layer_1": 12.495615005493164,
  "layer_2": 9.322044372558594,
  "layer_3": 7.099371910095215,
  "layer_4": 5.810664176940918,
  "layer_5": 5.101866722106934,
  "layer_6": 4.35996150970459,
  "layer_7": 3.983999252319336,
  "layer_8": 3.7202706336975098,
  "layer_9": 3.3662734031677246,
  "layer_10": 3.1695032119750977,
  "layer_11": 3.0669078826904297,
  "layer_12": 2.915654420852661,
  "layer_13": 2.8378701210021973,
  "layer_14": 2.790097236633301,
  "layer_15": 2.644268751144409,
  "layer_16": 2.5247297286987305,
  "layer_17": 2.5083742141723633,
  "layer_18": 2.386118173599243,
  "layer_19": 2.3581759929656982,
  "layer_20": 2.343785047531128,
  "layer_21": 2.356410026550293,
  "layer_22": 2.2958450317382812,
  "layer_23": 2.251615524291992,
  "layer_24": 2.222487211227417,
  "layer_25": 2.172248125076294,
  "layer_26": 2.117859363555908,
  "layer_27": 2.0419771671295166,
  "layer_28": 1.9528357982635498,
  "layer_29": 1.7883869409561157,
  "layer_30": 1.6341434717178345,
  "layer_31": 1.4291421175003052,
  "final": 0.6844496130943298
}