{
  "layer_0": 17.9359188079834,
  "layer_1": 3.4384806156158447,
  "layer_2": 3.265962600708008,
  "layer_3": 3.081408739089966,
  "layer_4": 3.1527018547058105,
  "layer_5": 3.1002676486968994,
  "layer_6": 3.1492879390716553,
  "layer_7": 3.1666409969329834,
  "layer_8": 3.167410135269165,
  "layer_9": 3.216555118560791,
  "layer_10": 3.181445360183716,
  "layer_11": 3.2267568111419678,
  "layer_12": 3.1863651275634766,
  "layer_13": 3.254004716873169,
  "layer_14": 3.2357699871063232,
  "layer_15": 3.3019142150878906,
  "layer_16": 3.3045148849487305,
  "layer_17": 3.3548171520233154,
  "layer_18": 3.435551404953003,
  "layer_19": 3.3295793533325195,
  "layer_20": 3.517432928085327,
  "layer_21": 3.4757537841796875,
  "layer_22": 3.544743776321411,
  "layer_23": 3.546344518661499,
  "layer_24": 3.6065409183502197,
  "layer_25": 3.6014418601989746,
  "layer_26": 3.6181490421295166,
  "layer_27": 3.638522148132324,
  "layer_28": 3.5563852787017822,
  "layer_29": 3.586247682571411,
  "layer_30": 3.5383176803588867,
  "layer_31": 3.488862991333008,
  "layer_32": 3.4280760288238525,
  "layer_33": 3.544079065322876,
  "layer_34": 3.506791591644287,
  "layer_35": 3.553696632385254,
  "layer_36": 3.39381742477417,
  "layer_37": 3.420764684677124,
  "layer_38": 3.4074151515960693,
  "layer_39": 3.3682591915130615,
  "layer_40": 3.212059736251831,
  "layer_41": 3.2493724822998047,
  "layer_42": 3.2932982444763184,
  "layer_43": 3.221543312072754,
  "layer_44": 3.226148843765259,
  "layer_45": 4.7187933921813965,
  "layer_46": 2.8107950687408447,
  "layer_47": 3.1273868083953857,
  "layer_48": 3.1290123462677,
  "layer_49": 3.168095827102661,
  "layer_50": 3.3953373432159424,
  "layer_51": 3.4605677127838135,
  "layer_52": 3.3235318660736084,
  "layer_53": 2.8480958938598633,
  "layer_54": 3.1268515586853027,
  "layer_55": 3.1401114463806152,
  "layer_56": 3.063852310180664,
  "layer_57": 3.152107000350952,
  "layer_58": 2.6736669540405273,
  "layer_59": 2.9243149757385254,
  "layer_60": 3.4085965156555176,
  "layer_61": 3.106234312057495,
  "layer_62": 2.7134692668914795,
  "layer_63": 2.326936960220337,
  "final": 0.6001062393188477
}