{
  "layer_0": 16.310945510864258,
  "layer_1": 3.7362053394317627,
  "layer_2": 5.180917739868164,
  "layer_3": 4.913094520568848,
  "layer_4": 5.01973295211792,
  "layer_5": 5.057053089141846,
  "layer_6": 5.375994682312012,
  "layer_7": 4.830318450927734,
  "layer_8": 5.554205894470215,
  "layer_9": 5.499622344970703,
  "layer_10": 5.58833646774292,
  "layer_11": 5.815267086029053,
  "layer_12": 5.346904754638672,
  "layer_13": 5.743520736694336,
  "layer_14": 5.981114864349365,
  "layer_15": 5.091394424438477,
  "layer_16": 5.866710186004639,
  "layer_17": 5.7983293533325195,
  "layer_18": 5.740428924560547,
  "layer_19": 5.430637359619141,
  "layer_20": 5.1269211769104,
  "layer_21": 4.85364294052124,
  "layer_22": 5.127001762390137,
  "layer_23": 4.927269458770752,
  "layer_24": 5.417322158813477,
  "layer_25": 5.415180206298828,
  "layer_26": 5.70063591003418,
  "layer_27": 5.9471282958984375,
  "layer_28": 5.9229631423950195,
  "layer_29": 5.407840251922607,
  "layer_30": 5.501438140869141,
  "layer_31": 5.301827907562256,
  "layer_32": 5.525991439819336,
  "layer_33": 4.439140796661377,
  "layer_34": 4.330931186676025,
  "layer_35": 5.203036308288574,
  "layer_36": 4.184820175170898,
  "layer_37": 5.2853827476501465,
  "layer_38": 3.94144606590271,
  "layer_39": 3.7306149005889893,
  "layer_40": 3.9804084300994873,
  "layer_41": 4.220391273498535,
  "layer_42": 3.9125633239746094,
  "layer_43": 3.6852262020111084,
  "layer_44": 3.249227285385132,
  "layer_45": 3.514009475708008,
  "layer_46": 3.239809989929199,
  "layer_47": 2.5382626056671143,
  "final": 0.6546041369438171
}