{
  "layer_0": 14.56905460357666,
  "layer_1": 3.322226047515869,
  "layer_2": 3.0942814350128174,
  "layer_3": 3.1467227935791016,
  "layer_4": 3.150357723236084,
  "layer_5": 3.1822288036346436,
  "layer_6": 3.188465118408203,
  "layer_7": 3.1925928592681885,
  "layer_8": 3.234797477722168,
  "layer_9": 3.232898473739624,
  "layer_10": 3.192009449005127,
  "layer_11": 3.2692129611968994,
  "layer_12": 3.2997610569000244,
  "layer_13": 3.3160693645477295,
  "layer_14": 3.3433330059051514,
  "layer_15": 3.3469936847686768,
  "layer_16": 3.407888889312744,
  "layer_17": 3.420287609100342,
  "layer_18": 3.535649061203003,
  "layer_19": 3.5944621562957764,
  "layer_20": 3.6052181720733643,
  "layer_21": 3.6195969581604004,
  "layer_22": 3.4869422912597656,
  "layer_23": 3.5717360973358154,
  "layer_24": 3.4877593517303467,
  "layer_25": 3.4419519901275635,
  "layer_26": 3.301919460296631,
  "layer_27": 3.2284023761749268,
  "layer_28": 3.28471040725708,
  "layer_29": 3.2060494422912598,
  "layer_30": 3.206033706665039,
  "layer_31": 2.953441858291626,
  "layer_32": 3.629204511642456,
  "layer_33": 2.8575422763824463,
  "layer_34": 2.8718173503875732,
  "layer_35": 3.2506232261657715,
  "layer_36": 3.3736515045166016,
  "layer_37": 3.1182656288146973,
  "layer_38": 2.5611352920532227,
  "layer_39": 2.7820539474487305,
  "layer_40": 2.748441219329834,
  "layer_41": 2.533914804458618,
  "layer_42": 2.673732280731201,
  "layer_43": 2.794588327407837,
  "layer_44": 2.651646852493286,
  "layer_45": 2.8368537425994873,
  "layer_46": 2.2562034130096436,
  "layer_47": 2.5424444675445557,
  "final": 0.6311505436897278
}