{
  "layer_0": 2.538987874984741,
  "layer_1": 2.484025001525879,
  "layer_2": 2.4439306259155273,
  "layer_3": 2.4151413440704346,
  "layer_4": 2.3815605640411377,
  "layer_5": 2.347871780395508,
  "layer_6": 2.3183772563934326,
  "layer_7": 2.2849104404449463,
  "layer_8": 2.2716476917266846,
  "layer_9": 2.2512457370758057,
  "layer_10": 2.2158846855163574,
  "layer_11": 2.1895785331726074,
  "layer_12": 2.155977249145508,
  "layer_13": 2.1351990699768066,
  "layer_14": 2.1305999755859375,
  "layer_15": 2.1085240840911865,
  "layer_16": 2.0652709007263184,
  "layer_17": 2.0273587703704834,
  "layer_18": 1.9888633489608765,
  "layer_19": 1.9423458576202393,
  "layer_20": 1.898300051689148,
  "layer_21": 1.8525357246398926,
  "layer_22": 1.7872477769851685,
  "layer_23": 1.7183785438537598,
  "layer_24": 1.6396961212158203,
  "layer_25": 1.5582756996154785,
  "layer_26": 1.47299063205719,
  "layer_27": 1.387845516204834,
  "layer_28": 1.2966358661651611,
  "layer_29": 1.1915892362594604,
  "layer_30": 1.0223468542099,
  "layer_31": 0.6482383012771606,
  "final": 0.648237943649292
}