{
  "transformer.h.0": 57.32863820797705,
  "transformer.h.1": 36.76490284307478,
  "transformer.h.2": 26.24203799298716,
  "transformer.h.3": 20.564446912016,
  "transformer.h.4": 17.528650020263843,
  "transformer.h.5": 14.753333538338563,
  "transformer.h.6": 13.058153462177842,
  "transformer.h.7": 11.896033799428865,
  "transformer.h.8": 10.598760826930208,
  "transformer.h.9": 9.795570470264476,
  "transformer.h.10": 9.355285705696863,
  "transformer.h.11": 8.756864143785604,
  "transformer.h.12": 8.252001290196642,
  "transformer.h.13": 8.038017098687998,
  "transformer.h.14": 7.54976056600358,
  "transformer.h.15": 7.225090943528387,
  "transformer.h.16": 7.393433098838662,
  "transformer.h.17": 7.184150657051159,
  "transformer.h.18": 7.092378330530088,
  "transformer.h.19": 7.2689382350717695,
  "transformer.h.20": 7.462221294628291,
  "transformer.h.21": 7.34128074553789,
  "transformer.h.22": 7.395693877545604,
  "transformer.h.23": 7.365391457884559,
  "transformer.h.24": 7.135371438285622,
  "transformer.h.25": 6.833276131052568,
  "transformer.h.26": 6.320650937302212,
  "transformer.h.27": 5.810061023185283,
  "transformer.h.28": 5.080305387781005,
  "transformer.h.29": 4.228511990044702,
  "transformer.h.30": 2.3563718044938486,
  "transformer.h.31": 1.6674800747249043,
  "final": 0.5874272923362633
}