{
  "backbone.layers.0": 149.5752787632354,
  "backbone.layers.1": 35.34378933468997,
  "backbone.layers.2": 10.02818985738196,
  "backbone.layers.3": 8.962159194002579,
  "backbone.layers.4": 8.28507680935688,
  "backbone.layers.5": 8.901589789157512,
  "backbone.layers.6": 8.207255036773434,
  "backbone.layers.7": 8.925961549830676,
  "backbone.layers.8": 8.933234027627792,
  "backbone.layers.9": 9.870834648359903,
  "backbone.layers.10": 10.024742296499204,
  "backbone.layers.11": 11.48094497995957,
  "backbone.layers.12": 10.918389179348859,
  "backbone.layers.13": 11.662111281451132,
  "backbone.layers.14": 11.080476075008251,
  "backbone.layers.15": 12.731426678900043,
  "backbone.layers.16": 10.56979873112973,
  "backbone.layers.17": 11.37589750235988,
  "backbone.layers.18": 10.268434937172508,
  "backbone.layers.19": 10.999139644159763,
  "backbone.layers.20": 8.981032872829987,
  "backbone.layers.21": 10.59672690224724,
  "backbone.layers.22": 10.616415313549266,
  "backbone.layers.23": 11.407963369688556,
  "backbone.layers.24": 10.480869888208924,
  "backbone.layers.25": 10.718833105755994,
  "backbone.layers.26": 11.150105971631334,
  "backbone.layers.27": 10.884508746093378,
  "backbone.layers.28": 10.156730129000419,
  "backbone.layers.29": 7.819938143405376,
  "backbone.layers.30": 7.772488397277743,
  "backbone.layers.31": 8.260439050265592,
  "backbone.layers.32": 7.40430158663447,
  "backbone.layers.33": 6.85542822172958,
  "backbone.layers.34": 7.147706923151191,
  "backbone.layers.35": 6.848473302722775,
  "backbone.layers.36": 6.77252703619917,
  "backbone.layers.37": 5.975999038366499,
  "backbone.layers.38": 6.2669335094721275,
  "backbone.layers.39": 6.045225546562812,
  "backbone.layers.40": 8.060782724128698,
  "backbone.layers.41": 7.825450301183504,
  "backbone.layers.42": 8.851725906616744,
  "backbone.layers.43": 11.031811723787593,
  "backbone.layers.44": 20.733764860806524,
  "backbone.layers.45": 22.96292954812464,
  "backbone.layers.46": 14.56487748590906,
  "backbone.layers.47": 2.1927154276089125,
  "final": 0.572198929592928
}