{
  "backbone.layers.0": 21.50167194197938,
  "backbone.layers.1": 8.976477684523902,
  "backbone.layers.2": 6.950172994134275,
  "backbone.layers.3": 6.989546496793347,
  "backbone.layers.4": 5.278891490820417,
  "backbone.layers.5": 5.060268337781065,
  "backbone.layers.6": 4.752801865505669,
  "backbone.layers.7": 5.080015369606305,
  "backbone.layers.8": 4.921665605645071,
  "backbone.layers.9": 5.122204475756022,
  "backbone.layers.10": 5.07032214794948,
  "backbone.layers.11": 5.1283449240350425,
  "backbone.layers.12": 4.9331853840668325,
  "backbone.layers.13": 5.255475043242382,
  "backbone.layers.14": 5.154020502519153,
  "backbone.layers.15": 4.981875029496651,
  "backbone.layers.16": 5.174742709563355,
  "backbone.layers.17": 5.03238963120834,
  "backbone.layers.18": 5.032951406152081,
  "backbone.layers.19": 5.09194198079887,
  "backbone.layers.20": 5.033924736756418,
  "backbone.layers.21": 4.991615915463483,
  "backbone.layers.22": 4.992923982279205,
  "backbone.layers.23": 4.854110961025344,
  "backbone.layers.24": 4.782041132856668,
  "backbone.layers.25": 4.874023602818714,
  "backbone.layers.26": 4.561544115607421,
  "backbone.layers.27": 4.673209121266459,
  "backbone.layers.28": 4.768999333688393,
  "backbone.layers.29": 4.431396573428108,
  "backbone.layers.30": 5.10718524622188,
  "backbone.layers.31": 4.525153310800257,
  "backbone.layers.32": 4.512834692951678,
  "backbone.layers.33": 4.616472811914375,
  "backbone.layers.34": 4.238083145810807,
  "backbone.layers.35": 4.408005945967217,
  "backbone.layers.36": 4.085159214687802,
  "backbone.layers.37": 3.960069061838355,
  "backbone.layers.38": 3.8716428753715055,
  "backbone.layers.39": 3.6956811928983133,
  "backbone.layers.40": 4.055097874866696,
  "backbone.layers.41": 4.244851025179436,
  "backbone.layers.42": 3.9366646366972367,
  "backbone.layers.43": 4.065390777852345,
  "backbone.layers.44": 6.085015815698127,
  "backbone.layers.45": 3.247929961006409,
  "backbone.layers.46": 3.45755562425514,
  "backbone.layers.47": 3.587086786539052,
  "backbone.layers.48": 3.455164151805481,
  "backbone.layers.49": 3.7183121376893786,
  "backbone.layers.50": 3.974056070374561,
  "backbone.layers.51": 3.7265913371024,
  "backbone.layers.52": 3.2213202138101424,
  "backbone.layers.53": 3.4452785987261443,
  "backbone.layers.54": 3.5340765191113945,
  "backbone.layers.55": 3.388293177183262,
  "backbone.layers.56": 3.471759031900276,
  "backbone.layers.57": 3.3122599455989272,
  "backbone.layers.58": 3.3614250995249133,
  "backbone.layers.59": 3.987758176858156,
  "backbone.layers.60": 5.564711328062935,
  "backbone.layers.61": 5.875861154837942,
  "backbone.layers.62": 13.729417814207872,
  "backbone.layers.63": 2.350510901756972,
  "final": 0.5224621134423002
}