{
  "backbone.layers.0": 18.27068955544741,
  "backbone.layers.1": 7.121507956860502,
  "backbone.layers.2": 5.2546563732696425,
  "backbone.layers.3": 5.044083834167933,
  "backbone.layers.4": 4.970977292456609,
  "backbone.layers.5": 4.937872434660667,
  "backbone.layers.6": 5.0351570016497575,
  "backbone.layers.7": 5.164708666541138,
  "backbone.layers.8": 5.358931563391112,
  "backbone.layers.9": 4.921640056655722,
  "backbone.layers.10": 4.802220260610788,
  "backbone.layers.11": 4.53289042181693,
  "backbone.layers.12": 4.799523696813563,
  "backbone.layers.13": 4.76431059824865,
  "backbone.layers.14": 4.646712053299579,
  "backbone.layers.15": 4.779848497023147,
  "backbone.layers.16": 4.693090934179593,
  "backbone.layers.17": 4.920030781921745,
  "backbone.layers.18": 4.849292993260821,
  "backbone.layers.19": 4.775681569133342,
  "backbone.layers.20": 4.79480329683901,
  "backbone.layers.21": 4.83624175056973,
  "backbone.layers.22": 4.95065238845862,
  "backbone.layers.23": 4.505428230125603,
  "backbone.layers.24": 4.249995550563887,
  "backbone.layers.25": 3.9721033073827003,
  "backbone.layers.26": 4.177425338538792,
  "backbone.layers.27": 4.2367234646794625,
  "backbone.layers.28": 3.9787103186442128,
  "backbone.layers.29": 4.262419689714332,
  "backbone.layers.30": 3.598116004499647,
  "backbone.layers.31": 4.245962751715195,
  "backbone.layers.32": 3.276762381923906,
  "backbone.layers.33": 3.291070417602817,
  "backbone.layers.34": 3.503021440565807,
  "backbone.layers.35": 3.8678579348318283,
  "backbone.layers.36": 3.804754052319443,
  "backbone.layers.37": 2.8003257407686966,
  "backbone.layers.38": 3.1434707003856803,
  "backbone.layers.39": 3.1335903539084415,
  "backbone.layers.40": 2.9084897334194593,
  "backbone.layers.41": 3.009670166973414,
  "backbone.layers.42": 3.192716864199645,
  "backbone.layers.43": 3.0166505433551687,
  "backbone.layers.44": 3.7916339825216596,
  "backbone.layers.45": 5.617464617352167,
  "backbone.layers.46": 10.728420984524,
  "backbone.layers.47": 2.6850846225771496,
  "final": 0.5493529499994032
}