{
  "rwkv.blocks.0": 24.096245513286682,
  "rwkv.blocks.1": 24.64455167430901,
  "rwkv.blocks.2": 25.177859363908365,
  "rwkv.blocks.3": 25.517609100564965,
  "rwkv.blocks.4": 26.03872192148126,
  "rwkv.blocks.5": 26.35651408680721,
  "rwkv.blocks.6": 26.758161712220648,
  "rwkv.blocks.7": 27.102159722820797,
  "rwkv.blocks.8": 26.662128048131297,
  "rwkv.blocks.9": 27.195582560464402,
  "rwkv.blocks.10": 27.143863839603693,
  "rwkv.blocks.11": 27.18985033333633,
  "rwkv.blocks.12": 27.494800533109643,
  "rwkv.blocks.13": 27.362033053748917,
  "rwkv.blocks.14": 27.91763953270508,
  "rwkv.blocks.15": 27.99796292962094,
  "rwkv.blocks.16": 27.991878111353152,
  "rwkv.blocks.17": 27.906056504566205,
  "rwkv.blocks.18": 27.708732130702046,
  "rwkv.blocks.19": 27.62984511539091,
  "rwkv.blocks.20": 27.677056407065724,
  "rwkv.blocks.21": 27.386489540091826,
  "rwkv.blocks.22": 27.412151564064015,
  "rwkv.blocks.23": 26.87919875778991,
  "rwkv.blocks.24": 26.45542561941635,
  "rwkv.blocks.25": 26.312528147634456,
  "rwkv.blocks.26": 25.540066410463965,
  "rwkv.blocks.27": 24.563452981767345,
  "rwkv.blocks.28": 23.778995065394405,
  "rwkv.blocks.29": 21.096841527530618,
  "rwkv.blocks.30": 5.490681194750082,
  "rwkv.blocks.31": 0.5411341368947742,
  "final": 0.5411341360174873
}