{"logit": {"ce": {"layer_0": 53.64517593383789, "layer_1": 27.578458786010742, "layer_2": 11.667062759399414, "layer_3": 9.454337120056152, "layer_4": 9.112178802490234, "layer_5": 6.7786784172058105, "layer_6": 6.730411529541016, "layer_7": 6.215749263763428, "layer_8": 6.568544864654541, "layer_9": 6.432906150817871, "layer_10": 6.598873138427734, "layer_11": 6.688477039337158, "layer_12": 6.599789142608643, "layer_13": 6.407506465911865, "layer_14": 6.883296012878418, "layer_15": 6.649141311645508, "layer_16": 6.476326942443848, "layer_17": 6.680632591247559, "layer_18": 6.514668941497803, "layer_19": 6.527669429779053, "layer_20": 6.549539566040039, "layer_21": 6.448017597198486, "layer_22": 6.503514289855957, "layer_23": 6.479766368865967, "layer_24": 6.254937648773193, "layer_25": 6.197786331176758, "layer_26": 6.206514358520508, "layer_27": 5.971652984619141, "layer_28": 6.135921478271484, "layer_29": 6.201286315917969, "layer_30": 5.849085330963135, "layer_31": 6.323259353637695, "layer_32": 5.782102584838867, "layer_33": 5.725555896759033, "layer_34": 5.615573883056641, "layer_35": 5.509832382202148, "layer_36": 5.66621208190918, "layer_37": 5.257824420928955, "layer_38": 5.199967384338379, "layer_39": 4.982358455657959, "layer_40": 4.732330322265625, "layer_41": 5.135209083557129, "layer_42": 5.288238048553467, "layer_43": 4.9130539894104, "layer_44": 5.051151275634766, "layer_45": 7.011029243469238, "layer_46": 4.267609596252441, "layer_47": 4.431487560272217, "layer_48": 4.6361002922058105, "layer_49": 4.531835079193115, "layer_50": 4.747654914855957, "layer_51": 5.064891815185547, "layer_52": 4.810141563415527, "layer_53": 4.117440223693848, "layer_54": 4.314208507537842, "layer_55": 4.663708686828613, "layer_56": 4.327538967132568, "layer_57": 4.612151622772217, "layer_58": 4.007879257202148, "layer_59": 4.421337604522705, "layer_60": 5.18443489074707, "layer_61": 7.143917560577393, "layer_62": 7.579718589782715, "layer_63": 17.303163528442383}, "entropy": {"layer_0": 8.733818685868755e-05, "layer_1": 0.209965318441391, "layer_2": 0.5724172592163086, "layer_3": 0.4945220947265625, "layer_4": 0.547459065914154, "layer_5": 0.8849114179611206, "layer_6": 1.0133476257324219, "layer_7": 1.1583598852157593, "layer_8": 1.080880880355835, "layer_9": 1.1656649112701416, "layer_10": 1.1292519569396973, "layer_11": 1.1211326122283936, "layer_12": 1.057253360748291, "layer_13": 1.1577727794647217, "layer_14": 1.0177241563796997, "layer_15": 1.0274676084518433, "layer_16": 1.1209614276885986, "layer_17": 1.009338140487671, "layer_18": 1.0428643226623535, "layer_19": 0.9497706294059753, "layer_20": 1.051565408706665, "layer_21": 1.0341261625289917, "layer_22": 1.0556678771972656, "layer_23": 1.0014166831970215, "layer_24": 1.090893268585205, "layer_25": 1.0615885257720947, "layer_26": 1.048025131225586, "layer_27": 1.13960599899292, "layer_28": 1.0621905326843262, "layer_29": 1.0985785722732544, "layer_30": 1.1206049919128418, "layer_31": 1.0742939710617065, "layer_32": 1.115073561668396, "layer_33": 1.214939832687378, "layer_34": 0.9355871677398682, "layer_35": 1.2565996646881104, "layer_36": 1.0396308898925781, "layer_37": 1.2102679014205933, "layer_38": 1.041762113571167, "layer_39": 0.9610396027565002, "layer_40": 0.9473514556884766, "layer_41": 0.9375929236412048, "layer_42": 0.8946177959442139, "layer_43": 0.7099348306655884, "layer_44": 0.5546714067459106, "layer_45": 0.33157214522361755, "layer_46": 0.7562044858932495, "layer_47": 0.6572052836418152, "layer_48": 0.6919165253639221, "layer_49": 0.8683314323425293, "layer_50": 0.7200913429260254, "layer_51": 0.6093823909759521, "layer_52": 0.6138876676559448, "layer_53": 0.7707420587539673, "layer_54": 0.6903519630432129, "layer_55": 0.6591747999191284, "layer_56": 0.8427330851554871, "layer_57": 0.8612539768218994, "layer_58": 0.6008675694465637, "layer_59": 0.7845689058303833, "layer_60": 0.8462955951690674, "layer_61": 0.6790302395820618, "layer_62": 0.6509870290756226, "layer_63": 0.5088151097297668}, "kl": {"layer_0": 53.04082489013672, "layer_1": 26.985197067260742, "layer_2": 11.071806907653809, "layer_3": 8.858171463012695, "layer_4": 8.51476764678955, "layer_5": 6.182204246520996, "layer_6": 6.133254051208496, "layer_7": 5.618044376373291, "layer_8": 5.971035003662109, "layer_9": 5.83506965637207, "layer_10": 6.002080917358398, "layer_11": 6.091821670532227, "layer_12": 6.0034589767456055, "layer_13": 5.810268878936768, "layer_14": 6.286150932312012, "layer_15": 6.0520710945129395, "layer_16": 5.878610610961914, "layer_17": 6.082668304443359, "layer_18": 5.9163031578063965, "layer_19": 5.930763244628906, "layer_20": 5.952892303466797, "layer_21": 5.8507490158081055, "layer_22": 5.9058051109313965, "layer_23": 5.8808698654174805, "layer_24": 5.65601921081543, "layer_25": 5.599132061004639, "layer_26": 5.608535289764404, "layer_27": 5.372311592102051, "layer_28": 5.53750467300415, "layer_29": 5.602362155914307, "layer_30": 5.250341415405273, "layer_31": 5.725546836853027, "layer_32": 5.183340072631836, "layer_33": 5.127094268798828, "layer_34": 5.018396854400635, "layer_35": 4.910313606262207, "layer_36": 5.066473960876465, "layer_37": 4.658189296722412, "layer_38": 4.59938907623291, "layer_39": 4.382927894592285, "layer_40": 4.132449150085449, "layer_41": 4.533756256103516, "layer_42": 4.6952009201049805, "layer_43": 4.315768241882324, "layer_44": 4.450939655303955, "layer_45": 6.420993328094482, "layer_46": 3.668095111846924, "layer_47": 3.8299624919891357, "layer_48": 4.036402225494385, "layer_49": 3.93135404586792, "layer_50": 4.147572040557861, "layer_51": 4.462532997131348, "layer_52": 4.210081577301025, "layer_53": 3.519876718521118, "layer_54": 3.712160348892212, "layer_55": 4.065531253814697, "layer_56": 3.7289953231811523, "layer_57": 4.011740684509277, "layer_58": 3.408698797225952, "layer_59": 3.8248512744903564, "layer_60": 4.586905002593994, "layer_61": 6.547337532043457, "layer_62": 6.983603477478027, "layer_63": 16.70808982849121}}, "tuned": {"ce": {"layer_0": 17.9359188079834, "layer_1": 3.4384806156158447, "layer_2": 3.265962600708008, "layer_3": 3.081408739089966, "layer_4": 3.1527018547058105, "layer_5": 3.1002676486968994, "layer_6": 3.1492879390716553, "layer_7": 3.1666409969329834, "layer_8": 3.167410135269165, "layer_9": 3.216555118560791, "layer_10": 3.181445360183716, "layer_11": 3.2267568111419678, "layer_12": 3.1863651275634766, "layer_13": 3.254004716873169, "layer_14": 3.2357699871063232, "layer_15": 3.3019142150878906, "layer_16": 3.3045148849487305, "layer_17": 3.3548171520233154, "layer_18": 3.435551404953003, "layer_19": 3.3295793533325195, "layer_20": 3.517432928085327, "layer_21": 3.4757537841796875, "layer_22": 3.544743776321411, "layer_23": 3.546344518661499, "layer_24": 3.6065409183502197, "layer_25": 3.6014418601989746, "layer_26": 3.6181490421295166, "layer_27": 3.638522148132324, "layer_28": 3.5563852787017822, "layer_29": 3.586247682571411, "layer_30": 3.5383176803588867, "layer_31": 3.488862991333008, "layer_32": 3.4280760288238525, "layer_33": 3.544079065322876, "layer_34": 3.506791591644287, "layer_35": 3.553696632385254, "layer_36": 3.39381742477417, "layer_37": 3.420764684677124, "layer_38": 3.4074151515960693, "layer_39": 3.3682591915130615, "layer_40": 3.212059736251831, "layer_41": 3.2493724822998047, "layer_42": 3.2932982444763184, "layer_43": 3.221543312072754, "layer_44": 3.226148843765259, "layer_45": 4.7187933921813965, "layer_46": 2.8107950687408447, "layer_47": 3.1273868083953857, "layer_48": 3.1290123462677, "layer_49": 3.168095827102661, "layer_50": 3.3953373432159424, "layer_51": 3.4605677127838135, "layer_52": 3.3235318660736084, "layer_53": 2.8480958938598633, "layer_54": 3.1268515586853027, "layer_55": 3.1401114463806152, "layer_56": 3.063852310180664, "layer_57": 3.152107000350952, "layer_58": 2.6736669540405273, "layer_59": 2.9243149757385254, "layer_60": 3.4085965156555176, "layer_61": 3.106234312057495,